vus,tps,avg,p50,p90,p95,p99,cpu_usage_max,disk_usage_max
50,1198.2947815635875,41.55783890465464,null,48.106356,48.600581,null,,48.8
100,2344.896128558048,41.1666294046981,null,47.706289399999996,48.046902900000006,null,,29.6
150,3584.817554388195,41.10067002689098,null,47.6227132,48.1088344,null,,45.2
200,4691.4048778464485,42.09936003257204,null,48.202555,49.789976749999994,null,,58
250,5380.242915880886,45.228305420616365,null,54.894158999999995,59.5182978,null,,60.8
500,2311.3869882305085,63.0068846595919,null,77.809798,91.69624199999998,null,,49.2
1000,2400.4290320159103,131.20006385215274,null,107.27894200000001,172.88946144999983,null,,44.8
1500,2422.1956710880127,217.25692754666414,null,150.40856250000002,743.60183635,null,,35.6
2000,2392.6616301481267,386.2224269322723,null,217.4985607999999,2973.6730376,null,,35.56
