{
    "root_group": {
        "groups": {},
        "checks": {
                "status ok/404": {
                    "path": "::status ok/404",
                    "id": "b9671f9181d547a273c55d14024a3dc7",
                    "passes": 59627,
                    "fails": 0,
                    "name": "status ok/404"
                },
                "set ok": {
                    "name": "set ok",
                    "path": "::set ok",
                    "id": "d7c3094d663841cd8c70fa113ec24a42",
                    "passes": 60012,
                    "fails": 0
                }
            },
        "name": "",
        "path": "",
        "id": "d41d8cd98f00b204e9800998ecf8427e"
    },
    "metrics": {
        "http_reqs": {
            "rate": 2392.6616301481267,
            "count": 119639
        },
        "http_req_duration": {
            "avg": 386.2224269322723,
            "min": 7.4878,
            "med": 74.483499,
            "max": 35132.526328,
            "p(90)": 217.4985607999999,
            "p(95)": 2973.6730376
        },
        "http_req_duration{expected_response:true}": {
            "avg": 385.9992167441536,
            "min": 7.4878,
            "med": 75.19364999999999,
            "max": 35132.526328,
            "p(90)": 220.0306099999998,
            "p(95)": 2974.3082587499994
        },
        "data_received": {
            "rate": 291276.62995091197,
            "count": 14564552
        },
        "vus": {
            "value": 61,
            "min": 61,
            "max": 2000
        },
        "checks": {
            "fails": 0,
            "passes": 119639,
            "value": 1
        },
        "iterations": {
            "rate": 2392.6616301481267,
            "count": 119639
        },
        "vus_max": {
            "max": 2000,
            "value": 2000,
            "min": 2000
        },
        "http_req_blocked": {
            "med": 0.0021,
            "max": 19523.497116,
            "p(90)": 0.0092,
            "p(95)": 0.2089,
            "avg": 47.51803416237399,
            "min": 0.001
        },
        "http_req_sending": {
            "p(90)": 0.025,
            "p(95)": 0.1046,
            "avg": 0.15248814852176962,
            "min": 0.0038,
            "med": 0.0073,
            "max": 62.9907
        },
        "data_sent": {
            "count": 11662672,
            "rate": 233241.9010473417
        },
        "http_req_failed": {
            "passes": 7025,
            "fails": 112614,
            "value": 0.058718310918680364
        },
        "http_req_connecting": {
            "avg": 47.50136221176206,
            "min": 0,
            "med": 0,
            "max": 19523.417616,
            "p(90)": 0,
            "p(95)": 0.15730999999999912
        },
        "http_req_tls_handshaking": {
            "avg": 0,
            "min": 0,
            "med": 0,
            "max": 0,
            "p(90)": 0,
            "p(95)": 0
        },
        "http_req_receiving": {
            "max": 169.9748,
            "p(90)": 44.673719999999996,
            "p(95)": 47.75394,
            "avg": 39.44242183380857,
            "min": 0.0107,
            "med": 42.5744
        },
        "http_req_waiting": {
            "max": 35132.206728,
            "p(90)": 177.97289999999992,
            "p(95)": 2972.2853014999996,
            "avg": 346.627516949944,
            "min": 0.1096,
            "med": 31.5551
        },
        "iteration_duration": {
            "avg": 433.83699008272146,
            "min": 7.6008,
            "med": 74.686,
            "max": 39219.143424,
            "p(90)": 226.95608079999988,
            "p(95)": 3035.449107
        }
    }
}